INSERT INTO public."AuthUser" (id, email, password, active, created_at, updated_at) VALUES ('d975e0b9-efa4-4df4-801b-5568ea391204', 'andresguevaraalvarez99@gmail.com', '$2y$12$rYQgEfsTvS9Ez11ryYW2BugzuurodjbXkgZXIx0S3uou09HYKu6UO', false, '2024-10-11 21:55:42.000000', '2024-11-20 19:19:05.000000');
INSERT INTO public."AuthUser" (id, email, password, active, created_at, updated_at) VALUES ('207f0fb9-6647-4b32-ba24-3b4c622fc2e6', 'test@udistrital.edu.co', '$2y$12$Dq6nd6MaoqYs6aBRlStwo.uGOV4HFSmY8RS3YavSazgGEVN2DHsmW', false, '2024-11-23 13:28:14.000000', '2024-11-23 13:28:14.000000');
INSERT INTO public."AuthUser" (id, email, password, active, created_at, updated_at) VALUES ('2d95fb2f-ba27-4d5c-b272-b39d099d85dd', 'carlos@gmail.com', '$2y$12$2O6CMC4fVaCuqiuCKdnLOeq6WE8yEcxQXxGCk3mocevgvlp73BHkG', false, '2024-11-23 23:16:14.000000', '2024-11-23 23:16:14.000000');
INSERT INTO public."AuthUser" (id, email, password, active, created_at, updated_at) VALUES ('7f978de9-b94c-4b72-9cac-d66e9849dbc0', 'rocio_burgos_ramirez@hotmail.com', '$2y$12$BPbDgeK1X7TqekMJYiJx5uQv4JGAofuXhrfI2q4hqP/mPQx.XcsU2', false, '2024-11-23 15:51:30.000000', '2024-11-24 00:12:21.000000');
INSERT INTO public."AuthUser" (id, email, password, active, created_at, updated_at) VALUES ('c7fbf915-6df8-40f4-87b9-492a1716721f', 'anasofiasanchezcante@gmail.com', '$2y$12$p1M8OtiiSfkn1akVcSuRu.8cCm0F.lg7f24dnxJlAqi7YGphfSAPy', false, '2024-11-24 01:21:29.000000', '2024-11-24 01:21:29.000000');
INSERT INTO public."AuthUser" (id, email, password, active, created_at, updated_at) VALUES ('4a6644a3-e4eb-4826-9bd1-c969fc947c9a', 'luis123@gmail.com', '$2y$12$Oao9q8Dm1U5m8/zDTEA3LOyJVVRf2zOJ.ztJg/bDqN7Fq2besvmCW', false, '2024-11-24 02:44:46.000000', '2024-11-24 02:44:46.000000');
INSERT INTO public."AuthUser" (id, email, password, active, created_at, updated_at) VALUES ('26d787c2-1ec5-414c-804a-90c751361212', 'dollpins.sys.ing@gmail.com', '$2y$12$ihs4pOV7Jvf/9hIUwe.mpODaNhU9asH3vPMUojVgleMGHVh4j.N3.', true, '2024-10-11 21:32:32.000000', '2024-10-15 03:03:47.000000');
INSERT INTO public."AuthUser" (id, email, password, active, created_at, updated_at) VALUES ('2e463a20-9b76-429f-a511-c1984c9afca9', 'Yoggi_Alvarez@gmail.com', '$2y$12$HuMH2kSptQI9qe5kzBLcnOg/ghPgRk9qq.rgNygqZenC3Vp02aai2', false, '2024-11-24 15:12:06.000000', '2024-11-24 15:12:06.000000');
INSERT INTO public."AuthUser" (id, email, password, active, created_at, updated_at) VALUES ('19365406-8f0a-4296-b098-91a2fa6e1fd7', 'AngelicaBeatriz@gmail.com', '$2y$12$.qWVwROguCROZZkYiQSwlO/AV5ZoOAFX92fZO2vIudoyHgmFqdwI.', false, '2024-11-24 15:13:15.000000', '2024-11-24 15:13:15.000000');
INSERT INTO public."AuthUser" (id, email, password, active, created_at, updated_at) VALUES ('03bea9dc-4e31-4086-99b7-a7c804964d40', 'AndresG_99_@hotmail.com', '$2y$12$s6rHJr.4ofbOhcwQg6fzPuhZNNYa.IXWrCDlOEmCWkvECAeHobbXy', false, '2024-11-24 15:31:05.000000', '2024-11-24 15:31:05.000000');
INSERT INTO public."AuthUser" (id, email, password, active, created_at, updated_at) VALUES ('14fa7fbe-c21c-4332-ad0f-bebf2379427a', 'LizaBellacaCante@gmail.com', '$2y$12$uZcyBtAguoPdQfE.3pzvqObXC9zkIFNRcTmAWkyDEkvmFQAnLckly', false, '2024-11-24 15:32:17.000000', '2024-11-24 15:32:17.000000');
INSERT INTO public."AuthUser" (id, email, password, active, created_at, updated_at) VALUES ('e2c5d60b-ebc0-461d-b634-0e53ed448bad', 'agabrielaguevaraas@hotmail.com', '$2y$12$s.GOMEK4Pbp2bqYoJahDu.PEXQ1gwjdvx8x5c53CvGb.kOFe5zSRe', false, '2024-11-24 15:47:12.000000', '2024-11-24 15:47:12.000000');

INSERT INTO public."Role" (id, name, created_at, updated_at) VALUES (1, 'ADMIN', '2024-10-07 21:47:37.845155', '2024-10-07 21:47:37.845155');
INSERT INTO public."Role" (id, name, created_at, updated_at) VALUES (2, 'SALES', '2024-10-07 21:47:37.845155', '2024-10-07 21:47:37.845155');
INSERT INTO public."Role" (id, name, created_at, updated_at) VALUES (3, 'STOCK', '2024-10-07 21:47:37.845155', '2024-10-07 21:47:37.845155');
INSERT INTO public."Role" (id, name, created_at, updated_at) VALUES (4, 'FINANCES', '2024-10-07 21:47:37.845155', '2024-10-07 21:47:37.845155');

INSERT INTO public."TransactionsType" (id, name) VALUES (1, 'Venta');
INSERT INTO public."TransactionsType" (id, name) VALUES (2, 'Pago proveedor');
INSERT INTO public."TransactionsType" (id, name) VALUES (3, 'Pago nómina');
INSERT INTO public."TransactionsType" (id, name) VALUES (4, 'Pago servicios');
INSERT INTO public."TransactionsType" (id, name) VALUES (5, 'Pago terceros');
INSERT INTO public."TransactionsType" (id, name) VALUES (6, 'Imprevistos');
INSERT INTO public."TransactionsType" (id, name) VALUES (7, 'Inversiones');
INSERT INTO public."TransactionsType" (id, name) VALUES (8, 'Otros');


INSERT INTO public."TypeClient" (id, name) VALUES (2, 'Persona');
INSERT INTO public."TypeClient" (id, name) VALUES (1, 'Persona Jurídica');


INSERT INTO public."TransactionsType" (id, name) VALUES (1, 'Venta');
INSERT INTO public."TransactionsType" (id, name) VALUES (2, 'Pago proveedor');
INSERT INTO public."TransactionsType" (id, name) VALUES (3, 'Pago nómina');
INSERT INTO public."TransactionsType" (id, name) VALUES (4, 'Pago servicios');
INSERT INTO public."TransactionsType" (id, name) VALUES (5, 'Pago terceros');
INSERT INTO public."TransactionsType" (id, name) VALUES (6, 'Imprevistos');
INSERT INTO public."TransactionsType" (id, name) VALUES (7, 'Inversiones');
INSERT INTO public."TransactionsType" (id, name) VALUES (8, 'Otros');

INSERT INTO public."UserRole" (id, user_id, role_id) VALUES ('cd993bd5-fd9e-45ad-9bcb-5dd33c1486e9', '26d787c2-1ec5-414c-804a-90c751361212', 1);
INSERT INTO public."UserRole" (id, user_id, role_id) VALUES ('7005b837-6652-4052-af19-0e10f7f5d2e7', '26d787c2-1ec5-414c-804a-90c751361212', 2);
INSERT INTO public."UserRole" (id, user_id, role_id) VALUES ('cc411245-72d6-4a08-a79a-a3292a1615f7', 'd975e0b9-efa4-4df4-801b-5568ea391204', 2);
INSERT INTO public."UserRole" (id, user_id, role_id) VALUES ('f230a41e-5640-4d64-80b6-36689bf79bf1', '207f0fb9-6647-4b32-ba24-3b4c622fc2e6', 3);
INSERT INTO public."UserRole" (id, user_id, role_id) VALUES ('515fa151-4889-4b44-820d-9e398569c51a', '2d95fb2f-ba27-4d5c-b272-b39d099d85dd', 3);
INSERT INTO public."UserRole" (id, user_id, role_id) VALUES ('b8b92584-1311-490e-a5e4-1f433003f1d1', '7f978de9-b94c-4b72-9cac-d66e9849dbc0', 1);
INSERT INTO public."UserRole" (id, user_id, role_id) VALUES ('5d8f0999-b797-4eaf-8f0b-177891bc399e', 'c7fbf915-6df8-40f4-87b9-492a1716721f', 1);
INSERT INTO public."UserRole" (id, user_id, role_id) VALUES ('dd1a47cc-c6ff-4318-b4c2-2f9cbb540282', '4a6644a3-e4eb-4826-9bd1-c969fc947c9a', 4);
INSERT INTO public."UserRole" (id, user_id, role_id) VALUES ('b0dc41f1-7090-428f-b2ff-2078d129d2c0', '2e463a20-9b76-429f-a511-c1984c9afca9', 2);
INSERT INTO public."UserRole" (id, user_id, role_id) VALUES ('fe977dd2-9ce4-4e60-bde1-415500ebeab5', '19365406-8f0a-4296-b098-91a2fa6e1fd7', 3);
INSERT INTO public."UserRole" (id, user_id, role_id) VALUES ('4a90404c-4aba-49fd-8865-34575bf02ac1', '19365406-8f0a-4296-b098-91a2fa6e1fd7', 4);
INSERT INTO public."UserRole" (id, user_id, role_id) VALUES ('b39bd58a-58ea-4a4e-8aa8-8b904dea9903', '03bea9dc-4e31-4086-99b7-a7c804964d40', 1);
INSERT INTO public."UserRole" (id, user_id, role_id) VALUES ('dcf6dcd2-62e8-43a7-b904-d07682242fca', '03bea9dc-4e31-4086-99b7-a7c804964d40', 2);
INSERT INTO public."UserRole" (id, user_id, role_id) VALUES ('c9b262fe-9348-4b1f-8200-c5fd401be32d', '03bea9dc-4e31-4086-99b7-a7c804964d40', 3);
INSERT INTO public."UserRole" (id, user_id, role_id) VALUES ('abcac4fa-f0eb-4f7e-92c9-95c7921ad6cc', '14fa7fbe-c21c-4332-ad0f-bebf2379427a', 2);
INSERT INTO public."UserRole" (id, user_id, role_id) VALUES ('61a5fcfe-db46-4db0-b3d0-9ee120519596', '14fa7fbe-c21c-4332-ad0f-bebf2379427a', 3);
INSERT INTO public."UserRole" (id, user_id, role_id) VALUES ('b0a9bcd1-5712-4ef1-8098-8ef93a0f13fd', 'e2c5d60b-ebc0-461d-b634-0e53ed448bad', 2);
INSERT INTO public."UserRole" (id, user_id, role_id) VALUES ('b236b580-93bf-4de0-86dc-4c5ce7a52dfa', 'e2c5d60b-ebc0-461d-b634-0e53ed448bad', 4);




INSERT INTO public."OrderStatus" (id, name) VALUES (1, 'Pendiente');
INSERT INTO public."OrderStatus" (id, name) VALUES (2, 'Enviado');
INSERT INTO public."OrderStatus" (id, name) VALUES (3, 'Finalizado');
INSERT INTO public."OrderStatus" (id, name) VALUES (0, 'Preparacion');

INSERT INTO public."Position" (id, name, created_at, updated_at) VALUES (1, 'ADMINISTRADOR', '2024-10-11 19:13:53.928442', '2024-10-11 19:13:53.928442');
INSERT INTO public."Position" (id, name, created_at, updated_at) VALUES (2, 'COMERCIAL', '2024-10-11 19:13:53.928442', '2024-10-11 19:13:53.928442');
INSERT INTO public."Position" (id, name, created_at, updated_at) VALUES (3, 'GESTOR DE INVENTARIO', '2024-10-11 19:13:53.928442', '2024-10-11 19:13:53.928442');
INSERT INTO public."Position" (id, name, created_at, updated_at) VALUES (4, 'GERENTE CONTABLE', '2024-10-11 19:13:53.928442', '2024-10-11 19:13:53.928442');

INSERT INTO public."Category" (id, name) VALUES (1, 'Pines');
INSERT INTO public."Category" (id, name) VALUES (2, 'Posters');
INSERT INTO public."Category" (id, name) VALUES (3, 'Stickers');

INSERT INTO public."Client" (id, id_type_client, name, document, cellphone, address, postal_code, mail, id_city, status) VALUES ('106bba28-cc8a-4aaf-a912-41fb1f73f8b6', 2, 'Eduardo Guevara', '123456789', '123456789', 'Calle 159 #56-75', '1111111', 'jageduardo@hotmail.com', 81, null);
INSERT INTO public."Client" (id, id_type_client, name, document, cellphone, address, postal_code, mail, id_city, status) VALUES ('e8590954-641b-463d-9068-0ce4ac0a52a6', 1, 'Hopkins Criollos S.A', '98765432', '22556677', 'Av 72 #23-24', '1111101', 'HopkinsCri@gmail.com', 646, null);
INSERT INTO public."Client" (id, id_type_client, name, document, cellphone, address, postal_code, mail, id_city, status) VALUES ('9237622b-9207-4ccb-b4d4-475ff88a83db', 2, 'Tomas Alvarez', '9977885566', '22556699', 'Calle 161 #56-75', '1111111', 'Tomas255@gmail.com', 81, null);
INSERT INTO public."Client" (id, id_type_client, name, document, cellphone, address, postal_code, mail, id_city, status) VALUES ('ee62eca6-4645-48c9-8e4b-d7d3a119c1ac', 1, 'No tengo', 'No tengo', 'No tengo', 'No tengo', 'No tengo', 'Notengo@gmail.com', 1, 2);
INSERT INTO public."Client" (id, id_type_client, name, document, cellphone, address, postal_code, mail, id_city, status) VALUES ('1a5db32d-15a6-4d67-8231-ee7d4e748d4d', 2, 'Lina Garcia', '521475858', '3123324598', 'calle 95 #102-02', '111011', 'linag52@gmail.com', 646, null);
INSERT INTO public."Client" (id, id_type_client, name, document, cellphone, address, postal_code, mail, id_city, status) VALUES ('68fbb5f2-1149-43b5-ba98-5fccf0e859a6', 1, 'Maba Mecanizados SAS', '901473720', '3217000621', 'Tv 96B #22A - 33', '11092', 'davidcasallas013@gmail.com', 81, 1);
INSERT INTO public."Client" (id, id_type_client, name, document, cellphone, address, postal_code, mail, id_city, status) VALUES ('a20bebc5-f221-48b9-85b4-449553532cd8', 2, 'Talento Tech', '456123456', '0000000', 'Av 12 #19-24', '111101', 'TalentoTech@gmail.com', 646, null);
INSERT INTO public."Client" (id, id_type_client, name, document, cellphone, address, postal_code, mail, id_city, status) VALUES ('133e2739-2cba-4cde-b14d-13bf52e604b6', 1, 'Trafing', '5526142535', '60134565', 'carrera 100 #73-15', '111011', 'trafing12@gmail.com', 81, null);
INSERT INTO public."Client" (id, id_type_client, name, document, cellphone, address, postal_code, mail, id_city, status) VALUES ('a5a00076-b18a-4cef-89dc-57bfd1f4e065', 2, 'Mauricio Diaz', '102254689', '3156294475', 'Tv 45 #23-07', '101110', 'mauriciodiaz@hotmail.com', 58, null);
INSERT INTO public."Client" (id, id_type_client, name, document, cellphone, address, postal_code, mail, id_city, status) VALUES ('261e476a-0873-4b77-b585-40f8a4f3f2d3', 2, 'Paula Perez', '1022982415', '3105468956', 'Cra 22 #127-56', '110110', 'paula310@gmail.com', 7, null);
INSERT INTO public."Client" (id, id_type_client, name, document, cellphone, address, postal_code, mail, id_city, status) VALUES ('a1137ca7-3f23-4cd0-8e88-1a5d1708c0bd', 1, 'Chicas perfectas SAS', '645652365', '31596854', 'carrera 8 #132-12', '111010', 'chicasperfsas@gmail.com', 81, null);

INSERT INTO public."Employee" (id, name, document, email, address, city_id, user_id, status) VALUES ('ebb12a2e-f334-4d16-bf7a-0a76fae069ea', 'Andres Guevara Alvarez', '1015483714', 'andresguevaraalvarez99@gmail.com', 'Transversal 98A # 21 - 91', 79, 'd975e0b9-efa4-4df4-801b-5568ea391204', 2);
INSERT INTO public."Employee" (id, name, document, email, address, city_id, user_id, status) VALUES ('6126dae0-f92f-49af-bcb4-cb1975ea1f3f', 'Test', '1234567', 'test@udistrital.edu.co', 'dasa', 2, '207f0fb9-6647-4b32-ba24-3b4c622fc2e6', null);
INSERT INTO public."Employee" (id, name, document, email, address, city_id, user_id, status) VALUES ('462d6f50-7663-4861-a1e8-2dda3545bb7b', 'Carlos Moreno', '56245875', 'carlos@gmail.com', 'calle 11 #04-06', 646, '2d95fb2f-ba27-4d5c-b272-b39d099d85dd', null);
INSERT INTO public."Employee" (id, name, document, email, address, city_id, user_id, status) VALUES ('a31a0270-9a5d-40d3-a567-a4d0f5246fa1', 'Rocio Burgos', '52485490', 'rocio_burgos_ramirez@hotmail.com', 'calle 82 #103d 35', 81, '7f978de9-b94c-4b72-9cac-d66e9849dbc0', 1);
INSERT INTO public."Employee" (id, name, document, email, address, city_id, user_id, status) VALUES ('14dc943a-bcca-403a-be2e-0616dfb46e4f', 'Ana Sanchez', '1023162606', 'anasofiasanchezcante@gmail.com', 'calle 82 #103d 35', 81, 'c7fbf915-6df8-40f4-87b9-492a1716721f', null);
INSERT INTO public."Employee" (id, name, document, email, address, city_id, user_id, status) VALUES ('a928ccbd-9618-4e1f-a2af-6eb5adfd4265', 'Luis Mendez', '52484744', 'luis123@gmail.com', 'calle 118 #76-98', 81, '4a6644a3-e4eb-4826-9bd1-c969fc947c9a', null);
INSERT INTO public."Employee" (id, name, document, email, address, city_id, user_id, status) VALUES ('73f2c922-12f6-4bd1-b70d-8ad64f97dc6b', 'Dollpins Admin', '999999999', e'dollpins.sys.ing@gmail.com
', 'Transversal 96B #21A - 70', 81, '26d787c2-1ec5-414c-804a-90c751361212', 1);
INSERT INTO public."Employee" (id, name, document, email, address, city_id, user_id, status) VALUES ('f6db6944-36cd-4384-be48-30f846b5e044', 'Yoggi Alvarez', '100120333', 'Yoggi_Alvarez@gmail.com', 'Calle 152b #55-09', 646, '2e463a20-9b76-429f-a511-c1984c9afca9', null);
INSERT INTO public."Employee" (id, name, document, email, address, city_id, user_id, status) VALUES ('4f84e621-dd83-4800-9b8e-b95ddd9a027d', 'Angelica', '52959798', 'AngelicaBeatriz@gmail.com', 'Calle 15 #5-6', 81, '19365406-8f0a-4296-b098-91a2fa6e1fd7', null);
INSERT INTO public."Employee" (id, name, document, email, address, city_id, user_id, status) VALUES ('0b7ba210-4370-40d8-8ea0-0dd220c00ea3', 'Andres Guevara', '1015483777', 'AndresG_99_@hotmail.com', 'Diagonal 82G #81-76', 81, '03bea9dc-4e31-4086-99b7-a7c804964d40', null);
INSERT INTO public."Employee" (id, name, document, email, address, city_id, user_id, status) VALUES ('78328917-fa38-456a-a0ea-f0df80e7eaf8', 'Liza Cante', '1054871', 'LizaBellacaCante@gmail.com', 'Calle 82 #06-06', 646, '14fa7fbe-c21c-4332-ad0f-bebf2379427a', null);
INSERT INTO public."Employee" (id, name, document, email, address, city_id, user_id, status) VALUES ('a56189eb-1fb9-4053-9fa3-a4f235d34709', 'Gabriela Alvarez', '101552266', 'agabrielaguevaraas@hotmail.com', 'Calle 159 #56-77', 81, 'e2c5d60b-ebc0-461d-b634-0e53ed448bad', null);


INSERT INTO public."EmployeeCellphone" (id, employee_id, cellphone, relationship) VALUES (1, '73f2c922-12f6-4bd1-b70d-8ad64f97dc6b', '3012345678', 'Madre');
INSERT INTO public."EmployeeCellphone" (id, employee_id, cellphone, relationship) VALUES (4, 'ebb12a2e-f334-4d16-bf7a-0a76fae069ea', '3123356257', 'Mamá');
INSERT INTO public."EmployeeCellphone" (id, employee_id, cellphone, relationship) VALUES (2, 'ebb12a2e-f334-4d16-bf7a-0a76fae069ea', '3123459892', 'Hermano');
INSERT INTO public."EmployeeCellphone" (id, employee_id, cellphone, relationship) VALUES (6, '73f2c922-12f6-4bd1-b70d-8ad64f97dc6b', '3123356257', 'Personal');
INSERT INTO public."EmployeeCellphone" (id, employee_id, cellphone, relationship) VALUES (7, 'a928ccbd-9618-4e1f-a2af-6eb5adfd4265', '3156458585', 'Personal');
INSERT INTO public."EmployeeCellphone" (id, employee_id, cellphone, relationship) VALUES (8, 'a928ccbd-9618-4e1f-a2af-6eb5adfd4265', '3204158766', 'Mama');
INSERT INTO public."EmployeeCellphone" (id, employee_id, cellphone, relationship) VALUES (9, 'a31a0270-9a5d-40d3-a567-a4d0f5246fa1', '3006542524', 'Personal');
INSERT INTO public."EmployeeCellphone" (id, employee_id, cellphone, relationship) VALUES (10, 'a31a0270-9a5d-40d3-a567-a4d0f5246fa1', '3156245314', 'Hermano');
INSERT INTO public."EmployeeCellphone" (id, employee_id, cellphone, relationship) VALUES (11, '462d6f50-7663-4861-a1e8-2dda3545bb7b', '3138115536', 'Personal');
INSERT INTO public."EmployeeCellphone" (id, employee_id, cellphone, relationship) VALUES (12, '462d6f50-7663-4861-a1e8-2dda3545bb7b', '3145569157', 'Papa');
INSERT INTO public."EmployeeCellphone" (id, employee_id, cellphone, relationship) VALUES (13, '14dc943a-bcca-403a-be2e-0616dfb46e4f', '3123356257', 'Personal');
INSERT INTO public."EmployeeCellphone" (id, employee_id, cellphone, relationship) VALUES (14, '14dc943a-bcca-403a-be2e-0616dfb46e4f', '3138374565', 'Mama');


INSERT INTO public."EmployeePosition" (id, employee_id, position_id) VALUES ('d80c8acc-607d-4cd2-930c-2d38b3eeb508', '73f2c922-12f6-4bd1-b70d-8ad64f97dc6b', 2);
INSERT INTO public."EmployeePosition" (id, employee_id, position_id) VALUES ('0979bd30-2aaf-4453-9dc0-987fc675d427', '73f2c922-12f6-4bd1-b70d-8ad64f97dc6b', 4);
INSERT INTO public."EmployeePosition" (id, employee_id, position_id) VALUES ('5bb1570d-cdb5-4c1d-8ecc-0914c9f22fdc', 'ebb12a2e-f334-4d16-bf7a-0a76fae069ea', 3);
INSERT INTO public."EmployeePosition" (id, employee_id, position_id) VALUES ('1766e839-d203-438c-a335-179679dcfac5', 'a31a0270-9a5d-40d3-a567-a4d0f5246fa1', 4);

INSERT INTO public."Product" (id, name, description, price, stock, category_id, status) VALUES ('ba2b059c-3137-474f-918f-3f6f277543a2', 'Feid', 'stickers del ferxxo', 10000, 9, 3, 1);
INSERT INTO public."Product" (id, name, description, price, stock, category_id, status) VALUES ('4b13b225-c28b-4da7-922d-331609666c45', 'Taylor Swift', 'Poster de la cantante Taylor Swift', 10000, 7, 2, 1);
INSERT INTO public."Product" (id, name, description, price, stock, category_id, status) VALUES ('8af4aa5a-c012-4f3c-9d62-094202ef0d25', 'Iron maiden', 'poster iron maiden', 6000, 31, 2, 1);
INSERT INTO public."Product" (id, name, description, price, stock, category_id, status) VALUES ('1658e3e9-f8b1-4437-bc61-4477f35a2cbe', 'Nose', 'Nose', 10000000000000000000000000000000000000000000000000000000000, 1, 1, 2);
INSERT INTO public."Product" (id, name, description, price, stock, category_id, status) VALUES ('6a8680d4-bd39-4228-9142-e66f7562102b', '456123', 'Hola', 10000, 10, 1, 2);
INSERT INTO public."Product" (id, name, description, price, stock, category_id, status) VALUES ('555eef26-52b8-4e5d-abcb-9b4e5ef93d67', 'Corazon', 'pin corazon', 8000, 28, 1, 1);
INSERT INTO public."Product" (id, name, description, price, stock, category_id, status) VALUES ('5c69228c-534a-4e6d-ac9d-e96cc40897a8', 'Hongo', 'pin hongo', 8500, 23, 1, 1);
INSERT INTO public."Product" (id, name, description, price, stock, category_id, status) VALUES ('98a71cc1-ad0c-4e87-894a-73e55193a15c', 'Rauw Alejandro', 'pack stickers rauw alejandro', 3000, 13, 3, 1);
INSERT INTO public."Product" (id, name, description, price, stock, category_id, status) VALUES ('0f66bb16-5c4e-45aa-8679-066e3d7378d2', 'Pack Básico Stickers', 'Pack de stickers básico', 20000, -5, 3, 1);
INSERT INTO public."Product" (id, name, description, price, stock, category_id, status) VALUES ('770fedb4-e8e9-4a38-8649-74f7e7971012', 'Pin Cristiano', 'Pin cristiano', 5500, 9, 1, 1);
INSERT INTO public."Product" (id, name, description, price, stock, category_id, status) VALUES ('743e0297-dd44-4c74-877b-6d1183d6070c', 'Messi', 'Jugador de futbol chimba', 15000, 9, 2, 1);
INSERT INTO public."Product" (id, name, description, price, stock, category_id, status) VALUES ('ea2a2f2d-50a6-4af9-9ae5-7e49ddff074c', 'Jujutsu Kaisen', 'Pines de uno de los mejores animes que hay Jujutsu Kaisen', 12000, 14, 1, 1);
INSERT INTO public."Product" (id, name, description, price, stock, category_id, status) VALUES ('09787bb7-59b9-4590-bf0b-1511b515d64e', 'Arcangel', 'Arcangel la maravilla Praa', 12000, 14, 1, 1);
INSERT INTO public."Product" (id, name, description, price, stock, category_id, status) VALUES ('3ca64898-2c2b-4eeb-afbd-e968718acb8f', 'Duki', 'Tiene muchas canciones muy buenas y pronto viene a colombia', 12000, 17, 2, 1);
INSERT INTO public."Product" (id, name, description, price, stock, category_id, status) VALUES ('35081684-a080-461c-99f2-c011584807f1', 'Naruto', 'Pin de el anime Naruto', 15000, 12, 1, 1);
INSERT INTO public."Product" (id, name, description, price, stock, category_id, status) VALUES ('42eb5170-d7a6-4328-8237-3ff692fba170', 'Dumbo', 'pin dumbo', 10000, 0, 1, 1);
INSERT INTO public."Product" (id, name, description, price, stock, category_id, status) VALUES ('88b3774f-4cf2-4e6c-b43e-b8d1b6ad45c7', 'Demon Slayer', 'Pin de el anime Demon Slayer', 5000, 8, 1, 1);
INSERT INTO public."Product" (id, name, description, price, stock, category_id, status) VALUES ('0d0c9a07-505b-4a25-be49-27dccd6e737c', 'Naruto', 'sticker de naturo', 4000, 7, 3, 1);
INSERT INTO public."Product" (id, name, description, price, stock, category_id, status) VALUES ('077434e2-3e16-4d38-b4e2-6e136b5e65df', 'Jinx', 'pin de jinx arcane', 13000, 11, 1, 1);
INSERT INTO public."Product" (id, name, description, price, stock, category_id, status) VALUES ('3588a108-90cd-4e5c-b36d-3d0c5c39b073', 'Metallica', 'poster metallica', 25000, 21, 2, 1);



INSERT INTO public."Order" (id, client_id, status_id, discount, extras, sub_total, total, delivery_address, created_at, updated_at, employee_id) VALUES ('0cf45f47-d366-4174-9422-5256e60fc60b', '68fbb5f2-1149-43b5-ba98-5fccf0e859a6', 0, 0, 0, 5, 0, '', '2024-11-23 05:20:31.558288', '2024-11-23 05:20:31.558288', '73f2c922-12f6-4bd1-b70d-8ad64f97dc6b');
INSERT INTO public."Order" (id, client_id, status_id, discount, extras, sub_total, total, delivery_address, created_at, updated_at, employee_id) VALUES ('59236d13-9df2-42e8-bfc2-14d3075052ac', '68fbb5f2-1149-43b5-ba98-5fccf0e859a6', 3, 0, 0, 53500, 53500, 'Av 1 mayo #56-11', '2024-11-23 18:37:20.784928', '2024-11-23 18:37:20.784928', '73f2c922-12f6-4bd1-b70d-8ad64f97dc6b');
INSERT INTO public."Order" (id, client_id, status_id, discount, extras, sub_total, total, delivery_address, created_at, updated_at, employee_id) VALUES ('53c24076-0486-4d9f-a6cf-214f9f18a415', '106bba28-cc8a-4aaf-a912-41fb1f73f8b6', 0, 0, 0, 15000, 0, '', '2024-11-23 22:41:10.831935', '2024-11-23 22:41:10.831935', '73f2c922-12f6-4bd1-b70d-8ad64f97dc6b');
INSERT INTO public."Order" (id, client_id, status_id, discount, extras, sub_total, total, delivery_address, created_at, updated_at, employee_id) VALUES ('923184de-d747-4865-8a54-14c040429ee6', '106bba28-cc8a-4aaf-a912-41fb1f73f8b6', 0, 0, 0, 0, 0, '', '2024-11-23 23:19:41.306741', '2024-11-23 23:19:41.306741', '73f2c922-12f6-4bd1-b70d-8ad64f97dc6b');
INSERT INTO public."Order" (id, client_id, status_id, discount, extras, sub_total, total, delivery_address, created_at, updated_at, employee_id) VALUES ('51cba8d5-5c14-4bce-b483-c403c337bcbb', '68fbb5f2-1149-43b5-ba98-5fccf0e859a6', 3, 5, 10000, 100005, 110000, 'Transversal 96B #21A -70', '2024-11-23 05:24:02.188341', '2024-11-23 05:24:02.188341', '73f2c922-12f6-4bd1-b70d-8ad64f97dc6b');
INSERT INTO public."Order" (id, client_id, status_id, discount, extras, sub_total, total, delivery_address, created_at, updated_at, employee_id) VALUES ('fffbee32-046b-4571-bdd8-e729386524fe', 'a5a00076-b18a-4cef-89dc-57bfd1f4e065', 2, 0, 0, 63000, 63000, 'Calle 15 #03-54', '2024-11-24 15:39:55.574013', '2024-11-24 15:39:55.574013', '73f2c922-12f6-4bd1-b70d-8ad64f97dc6b');
INSERT INTO public."Order" (id, client_id, status_id, discount, extras, sub_total, total, delivery_address, created_at, updated_at, employee_id) VALUES ('15b09fd2-bf07-4ec8-aa8d-7a8ff61c218f', 'a20bebc5-f221-48b9-85b4-449553532cd8', 1, 0, 0, 22000, 22000, 'Av 122  #56-00', '2024-11-24 15:44:52.861594', '2024-11-24 15:44:52.861594', '73f2c922-12f6-4bd1-b70d-8ad64f97dc6b');
INSERT INTO public."Order" (id, client_id, status_id, discount, extras, sub_total, total, delivery_address, created_at, updated_at, employee_id) VALUES ('e12fe7c4-e4e9-48c9-8a9e-a62d16276fab', '106bba28-cc8a-4aaf-a912-41fb1f73f8b6', 1, 0, 2000, 15000, 17000, 'calle 57 #13-46', '2024-11-23 16:31:03.737518', '2024-11-23 16:31:03.737518', '73f2c922-12f6-4bd1-b70d-8ad64f97dc6b');
INSERT INTO public."Order" (id, client_id, status_id, discount, extras, sub_total, total, delivery_address, created_at, updated_at, employee_id) VALUES ('e8ecca11-825e-4514-b538-2450f0195135', '106bba28-cc8a-4aaf-a912-41fb1f73f8b6', 0, 0, 0, 0, 0, '', '2024-11-23 16:45:57.584002', '2024-11-23 16:45:57.584002', '73f2c922-12f6-4bd1-b70d-8ad64f97dc6b');
INSERT INTO public."Order" (id, client_id, status_id, discount, extras, sub_total, total, delivery_address, created_at, updated_at, employee_id) VALUES ('ee5ab28e-84ff-4b26-8b3a-e2437ae60e17', 'e8590954-641b-463d-9068-0ce4ac0a52a6', 3, 0, 0, 42000, 42000, 'Calle 159 #56-23', '2024-11-23 17:49:16.834533', '2024-11-23 17:49:16.834533', '73f2c922-12f6-4bd1-b70d-8ad64f97dc6b');
INSERT INTO public."Order" (id, client_id, status_id, discount, extras, sub_total, total, delivery_address, created_at, updated_at, employee_id) VALUES ('cc67c570-ad24-43d5-9c23-2031e9fb38c8', 'e8590954-641b-463d-9068-0ce4ac0a52a6', 1, 1000, 5000, 26000, 30000, 'Tv 34 #23-56', '2024-11-23 16:51:30.668197', '2024-11-23 16:51:30.668197', '73f2c922-12f6-4bd1-b70d-8ad64f97dc6b');
INSERT INTO public."Order" (id, client_id, status_id, discount, extras, sub_total, total, delivery_address, created_at, updated_at, employee_id) VALUES ('1cb0ff1d-c6bd-4f08-a9a7-e0e1e1596106', '9237622b-9207-4ccb-b4d4-475ff88a83db', 0, 0, 0, 39000, 0, '', '2024-11-24 01:31:12.692594', '2024-11-24 01:31:12.692594', '73f2c922-12f6-4bd1-b70d-8ad64f97dc6b');
INSERT INTO public."Order" (id, client_id, status_id, discount, extras, sub_total, total, delivery_address, created_at, updated_at, employee_id) VALUES ('3e4f74fc-0443-4ed1-8357-6022b067ffe4', '1a5db32d-15a6-4d67-8231-ee7d4e748d4d', 3, 500, 2000, 46000, 47500, 'calle 100 #15-24', '2024-11-23 15:56:32.639738', '2024-11-23 15:56:32.639738', '73f2c922-12f6-4bd1-b70d-8ad64f97dc6b');
INSERT INTO public."Order" (id, client_id, status_id, discount, extras, sub_total, total, delivery_address, created_at, updated_at, employee_id) VALUES ('146c6574-3981-4440-aec7-eb59f1ddd01e', 'a20bebc5-f221-48b9-85b4-449553532cd8', 3, 0, 0, 16000, 16000, 'Av 12 #19-24', '2024-11-23 23:20:02.503256', '2024-11-23 23:20:02.503256', '73f2c922-12f6-4bd1-b70d-8ad64f97dc6b');
INSERT INTO public."Order" (id, client_id, status_id, discount, extras, sub_total, total, delivery_address, created_at, updated_at, employee_id) VALUES ('f13b8b33-cb10-42ee-b135-27e3150a5dda', '106bba28-cc8a-4aaf-a912-41fb1f73f8b6', 2, 1500, 2000, 15000, 15500, 'Cra 7 #116-26', '2024-11-23 17:03:49.436485', '2024-11-23 17:03:49.436485', '73f2c922-12f6-4bd1-b70d-8ad64f97dc6b');
INSERT INTO public."Order" (id, client_id, status_id, discount, extras, sub_total, total, delivery_address, created_at, updated_at, employee_id) VALUES ('749cff55-9922-484f-9617-72afb583fa86', '9237622b-9207-4ccb-b4d4-475ff88a83db', 2, 0, 5000, 10000, 15000, 'carrera 99 #95b-13', '2024-11-23 16:08:47.337775', '2024-11-23 16:08:47.337775', '73f2c922-12f6-4bd1-b70d-8ad64f97dc6b');
INSERT INTO public."Order" (id, client_id, status_id, discount, extras, sub_total, total, delivery_address, created_at, updated_at, employee_id) VALUES ('82b1cdbe-e182-45ed-a4a2-368e92113bb3', '9237622b-9207-4ccb-b4d4-475ff88a83db', 1, 9999999, 0, 51000, -9948999, 'Calle 1 #23-24', '2024-11-24 01:47:27.323850', '2024-11-24 01:47:27.323850', '73f2c922-12f6-4bd1-b70d-8ad64f97dc6b');
INSERT INTO public."Order" (id, client_id, status_id, discount, extras, sub_total, total, delivery_address, created_at, updated_at, employee_id) VALUES ('434d1f81-7cd8-49c0-8458-0b2d846c81cb', '68fbb5f2-1149-43b5-ba98-5fccf0e859a6', 1, 0, 0, 33000, 33000, 'Av 68 #19-24', '2024-11-24 15:45:42.976024', '2024-11-24 15:45:42.976024', '73f2c922-12f6-4bd1-b70d-8ad64f97dc6b');
INSERT INTO public."Order" (id, client_id, status_id, discount, extras, sub_total, total, delivery_address, created_at, updated_at, employee_id) VALUES ('9c3adc36-a902-4782-b738-2897f933aa4f', 'a5a00076-b18a-4cef-89dc-57bfd1f4e065', 1, 0, 2000, 63000, 65000, 'cl 56 #32-15', '2024-11-24 03:13:19.308433', '2024-11-24 03:13:19.308433', '73f2c922-12f6-4bd1-b70d-8ad64f97dc6b');
INSERT INTO public."Order" (id, client_id, status_id, discount, extras, sub_total, total, delivery_address, created_at, updated_at, employee_id) VALUES ('af000dcd-60b5-4af5-a1d0-0f89f71bb77b', '261e476a-0873-4b77-b585-40f8a4f3f2d3', 1, 10, 0, 25000, 24990, 'Calle 19 #93-59', '2024-11-24 15:42:03.458908', '2024-11-24 15:42:03.458908', '73f2c922-12f6-4bd1-b70d-8ad64f97dc6b');
INSERT INTO public."Order" (id, client_id, status_id, discount, extras, sub_total, total, delivery_address, created_at, updated_at, employee_id) VALUES ('49956489-3e41-4b66-beb5-79d2d89ae70f', 'a1137ca7-3f23-4cd0-8e88-1a5d1708c0bd', 1, 0, 0, 3000, 3000, 'Calle 5 #03-54', '2024-11-24 15:48:42.809834', '2024-11-24 15:48:42.809834', '73f2c922-12f6-4bd1-b70d-8ad64f97dc6b');
INSERT INTO public."Order" (id, client_id, status_id, discount, extras, sub_total, total, delivery_address, created_at, updated_at, employee_id) VALUES ('20e39272-b5bf-458e-be9d-7ae2378a5a96', '106bba28-cc8a-4aaf-a912-41fb1f73f8b6', 0, 0, 0, 0, 0, '', '2024-11-24 15:08:04.405013', '2024-11-24 15:08:04.405013', '73f2c922-12f6-4bd1-b70d-8ad64f97dc6b');
INSERT INTO public."Order" (id, client_id, status_id, discount, extras, sub_total, total, delivery_address, created_at, updated_at, employee_id) VALUES ('e67d814e-5b06-4709-a953-9904e08a40b6', 'a1137ca7-3f23-4cd0-8e88-1a5d1708c0bd', 2, 3000, 0, 28000, 25000, 'calle 8 #56 76', '2024-11-24 03:16:16.888995', '2024-11-24 03:16:16.888995', '73f2c922-12f6-4bd1-b70d-8ad64f97dc6b');
INSERT INTO public."Order" (id, client_id, status_id, discount, extras, sub_total, total, delivery_address, created_at, updated_at, employee_id) VALUES ('4ad5b112-009f-45a3-a3f7-e5cf0dd5e3c9', '133e2739-2cba-4cde-b14d-13bf52e604b6', 2, 0, 0, 12000, 12000, 'transversal 20 #56-73', '2024-11-24 15:43:29.856049', '2024-11-24 15:43:29.856049', '73f2c922-12f6-4bd1-b70d-8ad64f97dc6b');

INSERT INTO public."OrderProducts" (id, order_id, product_id, quantity, price) VALUES ('72ac7576-91b1-4fce-919f-fb42301f6dd2', '51cba8d5-5c14-4bce-b483-c403c337bcbb', '0f66bb16-5c4e-45aa-8679-066e3d7378d2', 5, 100000);
INSERT INTO public."OrderProducts" (id, order_id, product_id, quantity, price) VALUES ('a0447b31-31bf-4ed8-ba9c-dee0fb0e5444', '3e4f74fc-0443-4ed1-8357-6022b067ffe4', '09787bb7-59b9-4590-bf0b-1511b515d64e', 3, 36000);
INSERT INTO public."OrderProducts" (id, order_id, product_id, quantity, price) VALUES ('87412e7c-eced-4304-9332-4ea6e5366570', '3e4f74fc-0443-4ed1-8357-6022b067ffe4', '4b13b225-c28b-4da7-922d-331609666c45', 1, 10000);
INSERT INTO public."OrderProducts" (id, order_id, product_id, quantity, price) VALUES ('13b3d0e6-327d-4ee5-ba1e-137d83c1c36b', '749cff55-9922-484f-9617-72afb583fa86', '88b3774f-4cf2-4e6c-b43e-b8d1b6ad45c7', 2, 10000);
INSERT INTO public."OrderProducts" (id, order_id, product_id, quantity, price) VALUES ('dca56dc4-8aa9-435a-b3d8-c37b71952bab', 'e12fe7c4-e4e9-48c9-8a9e-a62d16276fab', '35081684-a080-461c-99f2-c011584807f1', 1, 15000);
INSERT INTO public."OrderProducts" (id, order_id, product_id, quantity, price) VALUES ('a2e9bf23-8d8f-4f0e-915c-f476378b8e68', 'cc67c570-ad24-43d5-9c23-2031e9fb38c8', '077434e2-3e16-4d38-b4e2-6e136b5e65df', 2, 26000);
INSERT INTO public."OrderProducts" (id, order_id, product_id, quantity, price) VALUES ('718ee3a1-89d8-4774-9c9a-d8a4ac97ba59', 'f13b8b33-cb10-42ee-b135-27e3150a5dda', '88b3774f-4cf2-4e6c-b43e-b8d1b6ad45c7', 3, 15000);
INSERT INTO public."OrderProducts" (id, order_id, product_id, quantity, price) VALUES ('20e4fc7e-1d28-4b69-a82a-6f3ba15254cd', 'ee5ab28e-84ff-4b26-8b3a-e2437ae60e17', 'ea2a2f2d-50a6-4af9-9ae5-7e49ddff074c', 2, 24000);
INSERT INTO public."OrderProducts" (id, order_id, product_id, quantity, price) VALUES ('8078cafa-653c-41ac-9345-7c148f71f84d', 'ee5ab28e-84ff-4b26-8b3a-e2437ae60e17', '077434e2-3e16-4d38-b4e2-6e136b5e65df', 1, 13000);
INSERT INTO public."OrderProducts" (id, order_id, product_id, quantity, price) VALUES ('2359a535-53b9-45df-8201-45b27df0f44d', 'ee5ab28e-84ff-4b26-8b3a-e2437ae60e17', '88b3774f-4cf2-4e6c-b43e-b8d1b6ad45c7', 1, 5000);
INSERT INTO public."OrderProducts" (id, order_id, product_id, quantity, price) VALUES ('dc56dcc2-aff5-4568-8632-f5fe55e55d6f', '59236d13-9df2-42e8-bfc2-14d3075052ac', '09787bb7-59b9-4590-bf0b-1511b515d64e', 2, 24000);
INSERT INTO public."OrderProducts" (id, order_id, product_id, quantity, price) VALUES ('2b417dd4-5f36-4bd9-bd05-fb327029cd7c', '59236d13-9df2-42e8-bfc2-14d3075052ac', 'ea2a2f2d-50a6-4af9-9ae5-7e49ddff074c', 2, 24000);
INSERT INTO public."OrderProducts" (id, order_id, product_id, quantity, price) VALUES ('57ae345b-22ac-4acd-8f4f-bda33f66ff22', '59236d13-9df2-42e8-bfc2-14d3075052ac', '770fedb4-e8e9-4a38-8649-74f7e7971012', 1, 5500);
INSERT INTO public."OrderProducts" (id, order_id, product_id, quantity, price) VALUES ('4165f9a8-9180-432e-aa1d-764d7ae2b157', '53c24076-0486-4d9f-a6cf-214f9f18a415', '743e0297-dd44-4c74-877b-6d1183d6070c', 1, 15000);
INSERT INTO public."OrderProducts" (id, order_id, product_id, quantity, price) VALUES ('14bfb391-85a8-401b-b256-70a8dee3297f', '146c6574-3981-4440-aec7-eb59f1ddd01e', '3ca64898-2c2b-4eeb-afbd-e968718acb8f', 1, 12000);
INSERT INTO public."OrderProducts" (id, order_id, product_id, quantity, price) VALUES ('814267a9-91c6-4f7b-8442-da67399f5998', '146c6574-3981-4440-aec7-eb59f1ddd01e', '0d0c9a07-505b-4a25-be49-27dccd6e737c', 1, 4000);
INSERT INTO public."OrderProducts" (id, order_id, product_id, quantity, price) VALUES ('681082b7-3fbe-4d31-bbfb-56e9c34387a3', '1cb0ff1d-c6bd-4f08-a9a7-e0e1e1596106', '35081684-a080-461c-99f2-c011584807f1', 1, 15000);
INSERT INTO public."OrderProducts" (id, order_id, product_id, quantity, price) VALUES ('41460563-4f2c-4cfb-984e-56bcc321442a', '1cb0ff1d-c6bd-4f08-a9a7-e0e1e1596106', 'ea2a2f2d-50a6-4af9-9ae5-7e49ddff074c', 2, 24000);
INSERT INTO public."OrderProducts" (id, order_id, product_id, quantity, price) VALUES ('623bcad5-7dab-4a62-8054-d3519c765023', '82b1cdbe-e182-45ed-a4a2-368e92113bb3', '09787bb7-59b9-4590-bf0b-1511b515d64e', 1, 12000);
INSERT INTO public."OrderProducts" (id, order_id, product_id, quantity, price) VALUES ('753c9617-f668-44ab-975c-90ca3f1ababb', '82b1cdbe-e182-45ed-a4a2-368e92113bb3', '3ca64898-2c2b-4eeb-afbd-e968718acb8f', 2, 24000);
INSERT INTO public."OrderProducts" (id, order_id, product_id, quantity, price) VALUES ('822d3846-fc0c-4c3f-9a45-c6fbe8a0710c', '82b1cdbe-e182-45ed-a4a2-368e92113bb3', '35081684-a080-461c-99f2-c011584807f1', 1, 15000);
INSERT INTO public."OrderProducts" (id, order_id, product_id, quantity, price) VALUES ('cc85d42b-c3cb-4f97-b66a-543b43aa76a2', '9c3adc36-a902-4782-b738-2897f933aa4f', '42eb5170-d7a6-4328-8237-3ff692fba170', 5, 50000);
INSERT INTO public."OrderProducts" (id, order_id, product_id, quantity, price) VALUES ('8a511586-e26c-428f-9b53-4beb28c6fc21', '9c3adc36-a902-4782-b738-2897f933aa4f', '88b3774f-4cf2-4e6c-b43e-b8d1b6ad45c7', 1, 5000);
INSERT INTO public."OrderProducts" (id, order_id, product_id, quantity, price) VALUES ('45ff081a-9b30-48bf-977f-ae4770361bd3', '9c3adc36-a902-4782-b738-2897f933aa4f', '0d0c9a07-505b-4a25-be49-27dccd6e737c', 2, 8000);
INSERT INTO public."OrderProducts" (id, order_id, product_id, quantity, price) VALUES ('bf6c9685-d984-452f-8820-06604c9b56ab', 'e67d814e-5b06-4709-a953-9904e08a40b6', '8af4aa5a-c012-4f3c-9d62-094202ef0d25', 3, 18000);
INSERT INTO public."OrderProducts" (id, order_id, product_id, quantity, price) VALUES ('9d715b82-b409-4edc-8552-33a192323854', 'e67d814e-5b06-4709-a953-9904e08a40b6', '4b13b225-c28b-4da7-922d-331609666c45', 1, 10000);
INSERT INTO public."OrderProducts" (id, order_id, product_id, quantity, price) VALUES ('b2c0517f-2d13-409d-a99f-5b5808b23d20', 'fffbee32-046b-4571-bdd8-e729386524fe', '077434e2-3e16-4d38-b4e2-6e136b5e65df', 1, 13000);
INSERT INTO public."OrderProducts" (id, order_id, product_id, quantity, price) VALUES ('a43d6f2a-a2ab-4bd1-a313-a8417caf8f6f', 'fffbee32-046b-4571-bdd8-e729386524fe', '3588a108-90cd-4e5c-b36d-3d0c5c39b073', 2, 50000);
INSERT INTO public."OrderProducts" (id, order_id, product_id, quantity, price) VALUES ('bfe87a57-7259-4fb7-a8c8-c7c846bf4e10', 'af000dcd-60b5-4af5-a1d0-0f89f71bb77b', '8af4aa5a-c012-4f3c-9d62-094202ef0d25', 2, 12000);
INSERT INTO public."OrderProducts" (id, order_id, product_id, quantity, price) VALUES ('e3bf744e-f365-4d3a-b208-17d6a6ef4dba', 'af000dcd-60b5-4af5-a1d0-0f89f71bb77b', '98a71cc1-ad0c-4e87-894a-73e55193a15c', 1, 3000);
INSERT INTO public."OrderProducts" (id, order_id, product_id, quantity, price) VALUES ('8b5c9884-9162-4ec1-bcaf-c3dbcbe1e5ab', 'af000dcd-60b5-4af5-a1d0-0f89f71bb77b', 'ba2b059c-3137-474f-918f-3f6f277543a2', 1, 10000);
INSERT INTO public."OrderProducts" (id, order_id, product_id, quantity, price) VALUES ('9326ee86-0411-4158-838c-4bb02cc1f58d', '4ad5b112-009f-45a3-a3f7-e5cf0dd5e3c9', '8af4aa5a-c012-4f3c-9d62-094202ef0d25', 2, 12000);
INSERT INTO public."OrderProducts" (id, order_id, product_id, quantity, price) VALUES ('5d0723df-b436-4e7d-8789-2d78b689a8f8', '15b09fd2-bf07-4ec8-aa8d-7a8ff61c218f', '4b13b225-c28b-4da7-922d-331609666c45', 1, 10000);
INSERT INTO public."OrderProducts" (id, order_id, product_id, quantity, price) VALUES ('3dea0ccc-4440-420b-b451-2394181db834', '15b09fd2-bf07-4ec8-aa8d-7a8ff61c218f', '8af4aa5a-c012-4f3c-9d62-094202ef0d25', 2, 12000);
INSERT INTO public."OrderProducts" (id, order_id, product_id, quantity, price) VALUES ('8d4543ab-9926-4809-801c-5b0d7c089ec8', '434d1f81-7cd8-49c0-8458-0b2d846c81cb', '555eef26-52b8-4e5d-abcb-9b4e5ef93d67', 2, 16000);
INSERT INTO public."OrderProducts" (id, order_id, product_id, quantity, price) VALUES ('d0ce3479-ee3f-4a43-8d6c-cc7bad638994', '434d1f81-7cd8-49c0-8458-0b2d846c81cb', '5c69228c-534a-4e6d-ac9d-e96cc40897a8', 2, 17000);
INSERT INTO public."OrderProducts" (id, order_id, product_id, quantity, price) VALUES ('914558ae-ff70-41b5-b801-cdfb03b7aad1', '49956489-3e41-4b66-beb5-79d2d89ae70f', '98a71cc1-ad0c-4e87-894a-73e55193a15c', 1, 3000);

INSERT INTO public."Payroll" (id, employee_id, salary, status) VALUES ('5a129037-549c-47b8-9669-f84f0947b751', '73f2c922-12f6-4bd1-b70d-8ad64f97dc6b', 1300000, null);
INSERT INTO public."Payroll" (id, employee_id, salary, status) VALUES ('2b21f81b-cc64-4f17-b879-354d914c8376', '14dc943a-bcca-403a-be2e-0616dfb46e4f', 1200000, null);
INSERT INTO public."Payroll" (id, employee_id, salary, status) VALUES ('132cc806-92ba-44c6-a08b-272a9c82ced8', 'a31a0270-9a5d-40d3-a567-a4d0f5246fa1', 1500000, null);
INSERT INTO public."Payroll" (id, employee_id, salary, status) VALUES ('c731232d-984b-4280-83bf-b37481074dba', '73f2c922-12f6-4bd1-b70d-8ad64f97dc6b', 1300000, null);
INSERT INTO public."Payroll" (id, employee_id, salary, status) VALUES ('0cccc75d-793e-42c5-a977-a6d968f3617c', 'f6db6944-36cd-4384-be48-30f846b5e044', 1800000, null);
INSERT INTO public."Payroll" (id, employee_id, salary, status) VALUES ('27ddee7a-7fad-4822-89e8-3ffc76f49fe7', '4f84e621-dd83-4800-9b8e-b95ddd9a027d', 2000000, null);
INSERT INTO public."Payroll" (id, employee_id, salary, status) VALUES ('a30ae8a9-443d-4be1-9d7f-80f744d108f0', '0b7ba210-4370-40d8-8ea0-0dd220c00ea3', 1500000, null);
INSERT INTO public."Payroll" (id, employee_id, salary, status) VALUES ('e3a537ac-a106-4e82-8266-1a6397ef40df', '78328917-fa38-456a-a0ea-f0df80e7eaf8', 1800000, null);
INSERT INTO public."Payroll" (id, employee_id, salary, status) VALUES ('3449e366-7882-4541-8e83-1cb502d85e14', '462d6f50-7663-4861-a1e8-2dda3545bb7b', 2000000, null);
INSERT INTO public."Payroll" (id, employee_id, salary, status) VALUES ('0ffc9bf7-089f-4999-8b06-391189b2b985', 'a56189eb-1fb9-4053-9fa3-a4f235d34709', 1500000, null);

INSERT INTO public."PayrollPayments" (id, payroll_id, amount, payment_date) VALUES ('1cfa2d44-ae9e-4d7c-bdc9-ffd3ca8d45c5', '5a129037-549c-47b8-9669-f84f0947b751', 1400000, '2024-11-24 02:20:24.000000');
INSERT INTO public."PayrollPayments" (id, payroll_id, amount, payment_date) VALUES ('4ab42adf-c8cf-41d6-93aa-9f4f86a98bae', '2b21f81b-cc64-4f17-b879-354d914c8376', 2200000, '2024-11-24 13:06:39.000000');
INSERT INTO public."PayrollPayments" (id, payroll_id, amount, payment_date) VALUES ('5f009579-52ea-4242-8def-1dd14d0459dd', '5a129037-549c-47b8-9669-f84f0947b751', 1300000, '2024-11-24 14:21:09.000000');
INSERT INTO public."PayrollPayments" (id, payroll_id, amount, payment_date) VALUES ('213b001d-1409-4c4c-9016-7cd02b04615e', '132cc806-92ba-44c6-a08b-272a9c82ced8', 1700000, '2024-11-24 14:42:59.000000');
INSERT INTO public."PayrollPayments" (id, payroll_id, amount, payment_date) VALUES ('f80578fb-7f73-4e44-8421-e3a2888ae5e6', '2b21f81b-cc64-4f17-b879-354d914c8376', 1300000, '2024-11-24 15:08:54.000000');
INSERT INTO public."PayrollPayments" (id, payroll_id, amount, payment_date) VALUES ('4743a3ab-ca5e-4f7c-b453-92d9faec08e2', '2b21f81b-cc64-4f17-b879-354d914c8376', 1200000, '2024-11-24 15:22:57.000000');
INSERT INTO public."PayrollPayments" (id, payroll_id, amount, payment_date) VALUES ('fced4031-798e-468d-9e2d-078347c84a29', 'a30ae8a9-443d-4be1-9d7f-80f744d108f0', 1550000, '2024-11-24 15:34:28.000000');
INSERT INTO public."PayrollPayments" (id, payroll_id, amount, payment_date) VALUES ('939e79b1-3c48-416c-87cc-cc9d219182ad', 'a30ae8a9-443d-4be1-9d7f-80f744d108f0', 1500000, '2024-11-24 15:34:55.000000');
INSERT INTO public."PayrollPayments" (id, payroll_id, amount, payment_date) VALUES ('ba5c106f-fdcf-4a23-965b-91824e2f7ee4', '3449e366-7882-4541-8e83-1cb502d85e14', 2120000, '2024-11-24 15:35:24.000000');
INSERT INTO public."PayrollPayments" (id, payroll_id, amount, payment_date) VALUES ('d1f0cc28-d155-4c2d-830c-553cb46af5f4', '0cccc75d-793e-42c5-a977-a6d968f3617c', 2000000, '2024-11-24 15:36:22.000000');
INSERT INTO public."PayrollPayments" (id, payroll_id, amount, payment_date) VALUES ('1d8318f7-cc0f-4538-9dea-50c524bb25af', '0cccc75d-793e-42c5-a977-a6d968f3617c', 1900000, '2024-11-24 15:37:17.000000');
INSERT INTO public."PayrollPayments" (id, payroll_id, amount, payment_date) VALUES ('638aa49e-18c9-4acf-a293-491cac1169a8', '27ddee7a-7fad-4822-89e8-3ffc76f49fe7', 2100000, '2024-11-24 15:37:48.000000');
INSERT INTO public."PayrollPayments" (id, payroll_id, amount, payment_date) VALUES ('867e588c-ce0d-4e21-8266-363808da486c', 'e3a537ac-a106-4e82-8266-1a6397ef40df', 2000000, '2024-11-24 15:38:54.000000');
INSERT INTO public."PayrollPayments" (id, payroll_id, amount, payment_date) VALUES ('e0c30c75-0b61-4498-8532-589f4f94bdc0', 'e3a537ac-a106-4e82-8266-1a6397ef40df', 1900000, '2024-11-24 15:39:12.000000');
INSERT INTO public."PayrollPayments" (id, payroll_id, amount, payment_date) VALUES ('219251d1-0d61-4992-a7a8-ed7f58fd5270', '0ffc9bf7-089f-4999-8b06-391189b2b985', 1700000, '2024-11-24 15:47:44.000000');

INSERT INTO public."PaymentAddon" (id, payment_id, description, amount) VALUES ('200801c0-0902-40eb-b2ed-cdac1e196cd9', '1cfa2d44-ae9e-4d7c-bdc9-ffd3ca8d45c5', 'Bonificaciones', 100000);
INSERT INTO public."PaymentAddon" (id, payment_id, description, amount) VALUES ('d1e53de9-b0dd-46ba-89de-8175d2de90c5', '4ab42adf-c8cf-41d6-93aa-9f4f86a98bae', 'Comisiones', 1000000);
INSERT INTO public."PaymentAddon" (id, payment_id, description, amount) VALUES ('0a536025-ed5e-4afe-ba74-3a58eb7e34be', '213b001d-1409-4c4c-9016-7cd02b04615e', 'Comision', 200000);
INSERT INTO public."PaymentAddon" (id, payment_id, description, amount) VALUES ('47b94e1c-c56f-476a-ba46-2f0d5d4b9d1e', 'f80578fb-7f73-4e44-8421-e3a2888ae5e6', 'Comisión', 100000);
INSERT INTO public."PaymentAddon" (id, payment_id, description, amount) VALUES ('65221604-0db0-4d12-b083-0af8ce30ea1c', 'fced4031-798e-468d-9e2d-078347c84a29', 'Horas extra', 50000);
INSERT INTO public."PaymentAddon" (id, payment_id, description, amount) VALUES ('298d225f-d641-4f32-934b-4b962f54a9d5', 'ba5c106f-fdcf-4a23-965b-91824e2f7ee4', 'Comision Ventas', 120000);
INSERT INTO public."PaymentAddon" (id, payment_id, description, amount) VALUES ('c4bd063e-0c98-4247-b11b-a599468b4622', 'd1f0cc28-d155-4c2d-830c-553cb46af5f4', 'Comision, Empleado del mes', 200000);
INSERT INTO public."PaymentAddon" (id, payment_id, description, amount) VALUES ('1a8cdfc6-32b7-4a19-8ccf-11349d668d9e', '1d8318f7-cc0f-4538-9dea-50c524bb25af', 'Horas extra', 100000);
INSERT INTO public."PaymentAddon" (id, payment_id, description, amount) VALUES ('6d42d502-e287-40c3-a61f-fa2aaec15571', '638aa49e-18c9-4acf-a293-491cac1169a8', 'Comision Ventas', 100000);
INSERT INTO public."PaymentAddon" (id, payment_id, description, amount) VALUES ('db191626-fef3-4a5a-9be5-7f0d80ade028', '867e588c-ce0d-4e21-8266-363808da486c', 'Comision, Empleado del mes', 200000);
INSERT INTO public."PaymentAddon" (id, payment_id, description, amount) VALUES ('19822f78-8ca6-46fc-8f85-2a1d0474aadf', 'e0c30c75-0b61-4498-8532-589f4f94bdc0', 'Comision Ventas', 100000);
INSERT INTO public."PaymentAddon" (id, payment_id, description, amount) VALUES ('1da38065-4205-43b2-9079-7c0cc61667bd', '219251d1-0d61-4992-a7a8-ed7f58fd5270', 'Horas extra', 100000);
INSERT INTO public."PaymentAddon" (id, payment_id, description, amount) VALUES ('b1fbc250-bcab-4395-ade5-5c160f9cc539', '219251d1-0d61-4992-a7a8-ed7f58fd5270', 'Comision Ventas', 100000);


INSERT INTO public."Transactions" (id, type_id, amount, description, created_at) VALUES ('f66a9808-a03a-42df-b453-b9dac69ceddf', 4, 10000, 'Pago factura luz mes de noviembre', '2024-11-23 21:56:47.218833');
INSERT INTO public."Transactions" (id, type_id, amount, description, created_at) VALUES ('358e574c-2357-4d24-a03f-9516fec1aafa', 4, 10000, 'Pago factura luz mes de noviembre', '2024-11-23 21:57:15.677484');
INSERT INTO public."Transactions" (id, type_id, amount, description, created_at) VALUES ('b7c121ea-9775-43bc-97dc-67ac430140b9', 1, 16000, 'Venta de productos a Talento Tech id venta: 146c6574-3981-4440-aec7-eb59f1ddd01e', '2024-11-23 23:20:47.825317');
INSERT INTO public."Transactions" (id, type_id, amount, description, created_at) VALUES ('3e1ddec9-c297-4236-82d6-a7feff7e6455', 6, 150000, 'Daño impresora', '2024-11-23 23:26:20.589819');
INSERT INTO public."Transactions" (id, type_id, amount, description, created_at) VALUES ('d6de473c-c270-4d5d-b597-ec7b242ba005', 1, 9948999, 'Venta de productos a Tomas Alvarez id venta: 82b1cdbe-e182-45ed-a4a2-368e92113bb3', '2024-11-24 01:51:14.734165');
INSERT INTO public."Transactions" (id, type_id, amount, description, created_at) VALUES ('153bda83-00e1-4e6f-9f77-7fd9090b9553', 3, 1400000, 'Pago de nómina a Dollpins Admin en la fecha 2024-11-24 02:20:24', '2024-11-24 02:29:48.021181');
INSERT INTO public."Transactions" (id, type_id, amount, description, created_at) VALUES ('4cd1941e-08b8-408d-82e5-6e405e7b954c', 1, 65000, 'Venta de productos a Mauricio Diaz id venta: 9c3adc36-a902-4782-b738-2897f933aa4f', '2024-11-24 03:14:20.924482');
INSERT INTO public."Transactions" (id, type_id, amount, description, created_at) VALUES ('fccfc37f-eff3-49ff-93dd-9fad9c43103e', 1, 25000, 'Venta de productos a Chicas perfectas SAS id venta: e67d814e-5b06-4709-a953-9904e08a40b6', '2024-11-24 03:17:31.083005');
INSERT INTO public."Transactions" (id, type_id, amount, description, created_at) VALUES ('1c1e55ca-4a2d-4ac5-8e6a-2e4e219fd954', 3, 2200000, 'Pago de nómina a Ana Sanchez en la fecha 2024-11-24 13:06:39', '2024-11-24 13:07:08.515141');
INSERT INTO public."Transactions" (id, type_id, amount, description, created_at) VALUES ('934b047d-f1da-444c-9dc2-4cc2a18c93ee', 3, 1300000, 'Pago de nómina a Dollpins Admin en la fecha 2024-11-24 14:21:09', '2024-11-24 14:23:32.732641');
INSERT INTO public."Transactions" (id, type_id, amount, description, created_at) VALUES ('44b0efc1-2516-4c8b-a50d-e1079b9d12f8', 3, 1700000, 'Pago de nómina a Rocio Burgos en la fecha 2024-11-24 14:42:59', '2024-11-24 14:50:03.998340');
INSERT INTO public."Transactions" (id, type_id, amount, description, created_at) VALUES ('0ef48c93-b404-45f4-8603-085f89e0228e', 3, 1300000, 'Pago de nómina a Ana Sanchez en la fecha 2024-11-24 15:08:54', '2024-11-24 15:13:44.763789');
INSERT INTO public."Transactions" (id, type_id, amount, description, created_at) VALUES ('e54c4c8d-75ff-44c8-ad39-a7b4670aebf8', 3, 1550000, 'Pago de nómina a Andres Guevara en la fecha 2024-11-24 15:34:28', '2024-11-24 15:34:49.810612');
INSERT INTO public."Transactions" (id, type_id, amount, description, created_at) VALUES ('60520bd8-9e1d-4607-8330-1dc0e7060fd3', 3, 2120000, 'Pago de nómina a Carlos Moreno en la fecha 2024-11-24 15:35:24', '2024-11-24 15:35:44.762269');
INSERT INTO public."Transactions" (id, type_id, amount, description, created_at) VALUES ('f609c5fa-435b-43e3-8ba8-08b9eac911ac', 3, 2000000, 'Pago de nómina a Yoggi Alvarez en la fecha 2024-11-24 15:36:22', '2024-11-24 15:37:10.488926');
INSERT INTO public."Transactions" (id, type_id, amount, description, created_at) VALUES ('eceb235f-acc5-4af2-8d9e-364597fb8676', 3, 1900000, 'Pago de nómina a Yoggi Alvarez en la fecha 2024-11-24 15:37:17', '2024-11-24 15:37:32.714241');
INSERT INTO public."Transactions" (id, type_id, amount, description, created_at) VALUES ('29fc6d05-eefa-421c-a327-18cc6a965518', 3, 2100000, 'Pago de nómina a Angelica en la fecha 2024-11-24 15:37:48', '2024-11-24 15:38:03.516036');
INSERT INTO public."Transactions" (id, type_id, amount, description, created_at) VALUES ('3b2ddaf4-3c33-4e9b-b9ad-d0988704a6b7', 3, 2000000, 'Pago de nómina a Liza Cante en la fecha 2024-11-24 15:38:54', '2024-11-24 15:39:09.693689');
INSERT INTO public."Transactions" (id, type_id, amount, description, created_at) VALUES ('12c2d644-db85-40df-9c39-a51b3da3b977', 3, 1900000, 'Pago de nómina a Liza Cante en la fecha 2024-11-24 15:39:12', '2024-11-24 15:39:24.726623');
INSERT INTO public."Transactions" (id, type_id, amount, description, created_at) VALUES ('bea2b61c-2985-4766-a971-fcb4e40a5a82', 1, 63000, 'Venta de productos a Mauricio Diaz id venta: fffbee32-046b-4571-bdd8-e729386524fe', '2024-11-24 15:41:03.326154');
INSERT INTO public."Transactions" (id, type_id, amount, description, created_at) VALUES ('ad9f3854-7159-4b51-a3d4-2b7df5bd575a', 1, 24990, 'Venta de productos a Paula Perez id venta: af000dcd-60b5-4af5-a1d0-0f89f71bb77b', '2024-11-24 15:43:08.371847');
INSERT INTO public."Transactions" (id, type_id, amount, description, created_at) VALUES ('f016531c-c2b7-4722-aee3-740cb1edb6bd', 1, 12000, 'Venta de productos a Trafing id venta: 4ad5b112-009f-45a3-a3f7-e5cf0dd5e3c9', '2024-11-24 15:44:04.669646');
INSERT INTO public."Transactions" (id, type_id, amount, description, created_at) VALUES ('7b1d01c4-7a76-4d57-b97a-a2d9f342258c', 1, 22000, 'Venta de productos a Talento Tech id venta: 15b09fd2-bf07-4ec8-aa8d-7a8ff61c218f', '2024-11-24 15:45:30.786147');
INSERT INTO public."Transactions" (id, type_id, amount, description, created_at) VALUES ('cde2428b-abc9-4c34-b63a-8526d9b937f2', 1, 33000, 'Venta de productos a Maba Mecanizados SAS id venta: 434d1f81-7cd8-49c0-8458-0b2d846c81cb', '2024-11-24 15:46:13.471627');
INSERT INTO public."Transactions" (id, type_id, amount, description, created_at) VALUES ('a2385319-2500-4a2a-8939-7ad1d1d80dd2', 3, 1700000, 'Pago de nómina a Gabriela Alvarez en la fecha 2024-11-24 15:47:44', '2024-11-24 15:48:04.658070');
INSERT INTO public."Transactions" (id, type_id, amount, description, created_at) VALUES ('0ba1f459-38b5-487d-8d42-a95562dd7c0c', 1, 3000, 'Venta de productos a Chicas perfectas SAS id venta: 49956489-3e41-4b66-beb5-79d2d89ae70f', '2024-11-24 15:49:00.170786');
